{
	"BUILD_DIR" : "D:/Qt6Book/SamplesV5_CMake/Chap11_Plugin/samp11_3StaticLib/build-MyStaticLib-Desktop_Qt_6_2_3_MSVC2019_64bit-Release/MyStaticLib_autogen",
	"CMAKE_BINARY_DIR" : "D:/Qt6Book/SamplesV5_CMake/Chap11_Plugin/samp11_3StaticLib/build-MyStaticLib-Desktop_Qt_6_2_3_MSVC2019_64bit-Release",
	"CMAKE_CURRENT_BINARY_DIR" : "D:/Qt6Book/SamplesV5_CMake/Chap11_Plugin/samp11_3StaticLib/build-MyStaticLib-Desktop_Qt_6_2_3_MSVC2019_64bit-Release",
	"CMAKE_CURRENT_SOURCE_DIR" : "D:/Qt6Book/SamplesV5_CMake/Chap11_Plugin/samp11_3StaticLib/MyStaticLib",
	"CMAKE_EXECUTABLE" : "D:/Qt/Tools/CMake_64/bin/cmake.exe",
	"CMAKE_LIST_FILES" : 
	[
		"D:/Qt6Book/SamplesV5_CMake/Chap11_Plugin/samp11_3StaticLib/MyStaticLib/CMakeLists.txt",
		"D:/Qt/Tools/QtCreator/share/qtcreator/package-manager/auto-setup.cmake",
		"D:/Qt6Book/SamplesV5_CMake/Chap11_Plugin/samp11_3StaticLib/build-MyStaticLib-Desktop_Qt_6_2_3_MSVC2019_64bit-Release/CMakeFiles/3.21.1/CMakeSystem.cmake",
		"D:/Qt/Tools/CMake_64/share/cmake-3.21/Modules/CMakeSystemSpecificInitialize.cmake",
		"D:/Qt6Book/SamplesV5_CMake/Chap11_Plugin/samp11_3StaticLib/build-MyStaticLib-Desktop_Qt_6_2_3_MSVC2019_64bit-Release/CMakeFiles/3.21.1/CMakeCXXCompiler.cmake",
		"D:/Qt/Tools/CMake_64/share/cmake-3.21/Modules/CMakeSystemSpecificInformation.cmake",
		"D:/Qt/Tools/CMake_64/share/cmake-3.21/Modules/CMakeGenericSystem.cmake",
		"D:/Qt/Tools/CMake_64/share/cmake-3.21/Modules/CMakeInitializeConfigs.cmake",
		"D:/Qt/Tools/CMake_64/share/cmake-3.21/Modules/Platform/Windows.cmake",
		"D:/Qt/Tools/CMake_64/share/cmake-3.21/Modules/Platform/WindowsPaths.cmake",
		"D:/Qt/Tools/CMake_64/share/cmake-3.21/Modules/CMakeCXXInformation.cmake",
		"D:/Qt/Tools/CMake_64/share/cmake-3.21/Modules/CMakeLanguageInformation.cmake",
		"D:/Qt/Tools/CMake_64/share/cmake-3.21/Modules/Compiler/MSVC-CXX.cmake",
		"D:/Qt/Tools/CMake_64/share/cmake-3.21/Modules/Compiler/CMakeCommonCompilerMacros.cmake",
		"D:/Qt/Tools/CMake_64/share/cmake-3.21/Modules/Platform/Windows-MSVC-CXX.cmake",
		"D:/Qt/Tools/CMake_64/share/cmake-3.21/Modules/Platform/Windows-MSVC.cmake",
		"D:/Qt6Book/SamplesV5_CMake/Chap11_Plugin/samp11_3StaticLib/build-MyStaticLib-Desktop_Qt_6_2_3_MSVC2019_64bit-Release/CMakeFiles/3.21.1/CMakeRCCompiler.cmake",
		"D:/Qt/Tools/CMake_64/share/cmake-3.21/Modules/CMakeRCInformation.cmake",
		"D:/Qt/Tools/CMake_64/share/cmake-3.21/Modules/CMakeCommonLanguageInclude.cmake",
		"D:/Qt/6.2.3/msvc2019_64/lib/cmake/Qt6/Qt6ConfigVersion.cmake",
		"D:/Qt/6.2.3/msvc2019_64/lib/cmake/Qt6/Qt6ConfigVersionImpl.cmake",
		"D:/Qt/6.2.3/msvc2019_64/lib/cmake/Qt6/Qt6Config.cmake",
		"D:/Qt/6.2.3/msvc2019_64/lib/cmake/Qt6/Qt6ConfigExtras.cmake",
		"D:/Qt/6.2.3/msvc2019_64/lib/cmake/Qt6/QtPublicCMakeVersionHelpers.cmake",
		"D:/Qt/6.2.3/msvc2019_64/lib/cmake/Qt6/Qt6Targets.cmake",
		"D:/Qt/6.2.3/msvc2019_64/lib/cmake/Qt6/Qt6VersionlessTargets.cmake",
		"D:/Qt/6.2.3/msvc2019_64/lib/cmake/Qt6/QtFeature.cmake",
		"D:/Qt/6.2.3/msvc2019_64/lib/cmake/Qt6/QtFeatureCommon.cmake",
		"D:/Qt/Tools/CMake_64/share/cmake-3.21/Modules/CheckCXXCompilerFlag.cmake",
		"D:/Qt/Tools/CMake_64/share/cmake-3.21/Modules/CheckCXXSourceCompiles.cmake",
		"D:/Qt/Tools/CMake_64/share/cmake-3.21/Modules/Internal/CheckSourceCompiles.cmake",
		"D:/Qt/Tools/CMake_64/share/cmake-3.21/Modules/Internal/CheckCompilerFlag.cmake",
		"D:/Qt/Tools/CMake_64/share/cmake-3.21/Modules/Internal/CheckSourceCompiles.cmake",
		"D:/Qt/Tools/CMake_64/share/cmake-3.21/Modules/CMakeCheckCompilerFlagCommonPatterns.cmake",
		"D:/Qt/6.2.3/msvc2019_64/lib/cmake/Qt6/QtPublicFinalizerHelpers.cmake",
		"D:/Qt/6.2.3/msvc2019_64/lib/cmake/Qt6/QtPublicPluginHelpers.cmake",
		"D:/Qt/6.2.3/msvc2019_64/lib/cmake/Qt6/QtPublicTargetHelpers.cmake",
		"D:/Qt/6.2.3/msvc2019_64/lib/cmake/Qt6/QtPublicWalkLibsHelpers.cmake",
		"D:/Qt/6.2.3/msvc2019_64/lib/cmake/Qt6/QtPublicFindPackageHelpers.cmake",
		"D:/Qt/6.2.3/msvc2019_64/lib/cmake/Qt6/QtPublicDependencyHelpers.cmake",
		"D:/Qt/Tools/CMake_64/share/cmake-3.21/Modules/CMakeFindDependencyMacro.cmake",
		"D:/Qt/6.2.3/msvc2019_64/lib/cmake/Qt6/Qt6Dependencies.cmake",
		"D:/Qt/Tools/CMake_64/share/cmake-3.21/Modules/FindThreads.cmake",
		"D:/Qt/Tools/CMake_64/share/cmake-3.21/Modules/CheckLibraryExists.cmake",
		"D:/Qt/Tools/CMake_64/share/cmake-3.21/Modules/CheckIncludeFileCXX.cmake",
		"D:/Qt/Tools/CMake_64/share/cmake-3.21/Modules/CheckCXXSourceCompiles.cmake",
		"D:/Qt/Tools/CMake_64/share/cmake-3.21/Modules/FindPackageHandleStandardArgs.cmake",
		"D:/Qt/Tools/CMake_64/share/cmake-3.21/Modules/FindPackageMessage.cmake",
		"D:/Qt/6.2.3/msvc2019_64/lib/cmake/Qt6/Qt6ConfigVersion.cmake",
		"D:/Qt/6.2.3/msvc2019_64/lib/cmake/Qt6/Qt6ConfigVersionImpl.cmake",
		"D:/Qt/6.2.3/msvc2019_64/lib/cmake/Qt6/Qt6Config.cmake",
		"D:/Qt/6.2.3/msvc2019_64/lib/cmake/Qt6/Qt6ConfigExtras.cmake",
		"D:/Qt/6.2.3/msvc2019_64/lib/cmake/Qt6/QtPublicCMakeVersionHelpers.cmake",
		"D:/Qt/6.2.3/msvc2019_64/lib/cmake/Qt6/Qt6Targets.cmake",
		"D:/Qt/6.2.3/msvc2019_64/lib/cmake/Qt6/Qt6VersionlessTargets.cmake",
		"D:/Qt/6.2.3/msvc2019_64/lib/cmake/Qt6/QtFeature.cmake",
		"D:/Qt/6.2.3/msvc2019_64/lib/cmake/Qt6/QtFeatureCommon.cmake",
		"D:/Qt/Tools/CMake_64/share/cmake-3.21/Modules/CheckCXXCompilerFlag.cmake",
		"D:/Qt/6.2.3/msvc2019_64/lib/cmake/Qt6/QtPublicFinalizerHelpers.cmake",
		"D:/Qt/6.2.3/msvc2019_64/lib/cmake/Qt6/QtPublicPluginHelpers.cmake",
		"D:/Qt/6.2.3/msvc2019_64/lib/cmake/Qt6/QtPublicTargetHelpers.cmake",
		"D:/Qt/6.2.3/msvc2019_64/lib/cmake/Qt6/QtPublicWalkLibsHelpers.cmake",
		"D:/Qt/6.2.3/msvc2019_64/lib/cmake/Qt6/QtPublicFindPackageHelpers.cmake",
		"D:/Qt/6.2.3/msvc2019_64/lib/cmake/Qt6/QtPublicDependencyHelpers.cmake",
		"D:/Qt/Tools/CMake_64/share/cmake-3.21/Modules/CMakeFindDependencyMacro.cmake",
		"D:/Qt/6.2.3/msvc2019_64/lib/cmake/Qt6/Qt6Dependencies.cmake",
		"D:/Qt/Tools/CMake_64/share/cmake-3.21/Modules/FindThreads.cmake",
		"D:/Qt/Tools/CMake_64/share/cmake-3.21/Modules/CheckLibraryExists.cmake",
		"D:/Qt/Tools/CMake_64/share/cmake-3.21/Modules/CheckIncludeFileCXX.cmake",
		"D:/Qt/Tools/CMake_64/share/cmake-3.21/Modules/CheckCXXSourceCompiles.cmake",
		"D:/Qt/Tools/CMake_64/share/cmake-3.21/Modules/FindPackageHandleStandardArgs.cmake",
		"D:/Qt/Tools/CMake_64/share/cmake-3.21/Modules/FindPackageMessage.cmake",
		"D:/Qt/6.2.3/msvc2019_64/lib/cmake/Qt6Widgets/Qt6WidgetsConfigVersion.cmake",
		"D:/Qt/6.2.3/msvc2019_64/lib/cmake/Qt6Widgets/Qt6WidgetsConfigVersionImpl.cmake",
		"D:/Qt/6.2.3/msvc2019_64/lib/cmake/Qt6Widgets/Qt6WidgetsConfig.cmake",
		"D:/Qt/Tools/CMake_64/share/cmake-3.21/Modules/CMakeFindDependencyMacro.cmake",
		"D:/Qt/6.2.3/msvc2019_64/lib/cmake/Qt6Widgets/Qt6WidgetsDependencies.cmake",
		"D:/Qt/6.2.3/msvc2019_64/lib/cmake/Qt6/Qt6ConfigVersion.cmake",
		"D:/Qt/6.2.3/msvc2019_64/lib/cmake/Qt6/Qt6ConfigVersionImpl.cmake",
		"D:/Qt/6.2.3/msvc2019_64/lib/cmake/Qt6/Qt6Config.cmake",
		"D:/Qt/6.2.3/msvc2019_64/lib/cmake/Qt6/Qt6ConfigExtras.cmake",
		"D:/Qt/6.2.3/msvc2019_64/lib/cmake/Qt6/QtPublicCMakeVersionHelpers.cmake",
		"D:/Qt/6.2.3/msvc2019_64/lib/cmake/Qt6/Qt6Targets.cmake",
		"D:/Qt/6.2.3/msvc2019_64/lib/cmake/Qt6/Qt6VersionlessTargets.cmake",
		"D:/Qt/6.2.3/msvc2019_64/lib/cmake/Qt6/QtFeature.cmake",
		"D:/Qt/6.2.3/msvc2019_64/lib/cmake/Qt6/QtFeatureCommon.cmake",
		"D:/Qt/Tools/CMake_64/share/cmake-3.21/Modules/CheckCXXCompilerFlag.cmake",
		"D:/Qt/6.2.3/msvc2019_64/lib/cmake/Qt6/QtPublicFinalizerHelpers.cmake",
		"D:/Qt/6.2.3/msvc2019_64/lib/cmake/Qt6/QtPublicPluginHelpers.cmake",
		"D:/Qt/6.2.3/msvc2019_64/lib/cmake/Qt6/QtPublicTargetHelpers.cmake",
		"D:/Qt/6.2.3/msvc2019_64/lib/cmake/Qt6/QtPublicWalkLibsHelpers.cmake",
		"D:/Qt/6.2.3/msvc2019_64/lib/cmake/Qt6/QtPublicFindPackageHelpers.cmake",
		"D:/Qt/6.2.3/msvc2019_64/lib/cmake/Qt6/QtPublicDependencyHelpers.cmake",
		"D:/Qt/Tools/CMake_64/share/cmake-3.21/Modules/CMakeFindDependencyMacro.cmake",
		"D:/Qt/6.2.3/msvc2019_64/lib/cmake/Qt6/Qt6Dependencies.cmake",
		"D:/Qt/Tools/CMake_64/share/cmake-3.21/Modules/FindThreads.cmake",
		"D:/Qt/Tools/CMake_64/share/cmake-3.21/Modules/CheckLibraryExists.cmake",
		"D:/Qt/Tools/CMake_64/share/cmake-3.21/Modules/CheckIncludeFileCXX.cmake",
		"D:/Qt/Tools/CMake_64/share/cmake-3.21/Modules/CheckCXXSourceCompiles.cmake",
		"D:/Qt/Tools/CMake_64/share/cmake-3.21/Modules/FindPackageHandleStandardArgs.cmake",
		"D:/Qt/Tools/CMake_64/share/cmake-3.21/Modules/FindPackageMessage.cmake",
		"D:/Qt/6.2.3/msvc2019_64/lib/cmake/Qt6WidgetsTools/Qt6WidgetsToolsConfigVersion.cmake",
		"D:/Qt/6.2.3/msvc2019_64/lib/cmake/Qt6WidgetsTools/Qt6WidgetsToolsConfigVersionImpl.cmake",
		"D:/Qt/6.2.3/msvc2019_64/lib/cmake/Qt6WidgetsTools/Qt6WidgetsToolsConfig.cmake",
		"D:/Qt/Tools/CMake_64/share/cmake-3.21/Modules/CMakeFindDependencyMacro.cmake",
		"D:/Qt/6.2.3/msvc2019_64/lib/cmake/Qt6WidgetsTools/Qt6WidgetsToolsDependencies.cmake",
		"D:/Qt/6.2.3/msvc2019_64/lib/cmake/Qt6CoreTools/Qt6CoreToolsConfigVersion.cmake",
		"D:/Qt/6.2.3/msvc2019_64/lib/cmake/Qt6CoreTools/Qt6CoreToolsConfigVersionImpl.cmake",
		"D:/Qt/6.2.3/msvc2019_64/lib/cmake/Qt6CoreTools/Qt6CoreToolsConfig.cmake",
		"D:/Qt/Tools/CMake_64/share/cmake-3.21/Modules/CMakeFindDependencyMacro.cmake",
		"D:/Qt/6.2.3/msvc2019_64/lib/cmake/Qt6CoreTools/Qt6CoreToolsDependencies.cmake",
		"D:/Qt/6.2.3/msvc2019_64/lib/cmake/Qt6CoreTools/Qt6CoreToolsTargets.cmake",
		"D:/Qt/6.2.3/msvc2019_64/lib/cmake/Qt6CoreTools/Qt6CoreToolsTargets-debug.cmake",
		"D:/Qt/6.2.3/msvc2019_64/lib/cmake/Qt6CoreTools/Qt6CoreToolsTargets-relwithdebinfo.cmake",
		"D:/Qt/6.2.3/msvc2019_64/lib/cmake/Qt6CoreTools/Qt6CoreToolsAdditionalTargetInfo.cmake",
		"D:/Qt/6.2.3/msvc2019_64/lib/cmake/Qt6CoreTools/Qt6CoreToolsVersionlessTargets.cmake",
		"D:/Qt/6.2.3/msvc2019_64/lib/cmake/Qt6GuiTools/Qt6GuiToolsConfigVersion.cmake",
		"D:/Qt/6.2.3/msvc2019_64/lib/cmake/Qt6GuiTools/Qt6GuiToolsConfigVersionImpl.cmake",
		"D:/Qt/6.2.3/msvc2019_64/lib/cmake/Qt6GuiTools/Qt6GuiToolsConfig.cmake",
		"D:/Qt/Tools/CMake_64/share/cmake-3.21/Modules/CMakeFindDependencyMacro.cmake",
		"D:/Qt/6.2.3/msvc2019_64/lib/cmake/Qt6GuiTools/Qt6GuiToolsDependencies.cmake",
		"D:/Qt/6.2.3/msvc2019_64/lib/cmake/Qt6GuiTools/Qt6GuiToolsTargets.cmake",
		"D:/Qt/6.2.3/msvc2019_64/lib/cmake/Qt6GuiTools/Qt6GuiToolsTargets-debug.cmake",
		"D:/Qt/6.2.3/msvc2019_64/lib/cmake/Qt6GuiTools/Qt6GuiToolsTargets-relwithdebinfo.cmake",
		"D:/Qt/6.2.3/msvc2019_64/lib/cmake/Qt6GuiTools/Qt6GuiToolsAdditionalTargetInfo.cmake",
		"D:/Qt/6.2.3/msvc2019_64/lib/cmake/Qt6GuiTools/Qt6GuiToolsVersionlessTargets.cmake",
		"D:/Qt/6.2.3/msvc2019_64/lib/cmake/Qt6WidgetsTools/Qt6WidgetsToolsTargets.cmake",
		"D:/Qt/6.2.3/msvc2019_64/lib/cmake/Qt6WidgetsTools/Qt6WidgetsToolsTargets-debug.cmake",
		"D:/Qt/6.2.3/msvc2019_64/lib/cmake/Qt6WidgetsTools/Qt6WidgetsToolsTargets-relwithdebinfo.cmake",
		"D:/Qt/6.2.3/msvc2019_64/lib/cmake/Qt6WidgetsTools/Qt6WidgetsToolsAdditionalTargetInfo.cmake",
		"D:/Qt/6.2.3/msvc2019_64/lib/cmake/Qt6WidgetsTools/Qt6WidgetsToolsVersionlessTargets.cmake",
		"D:/Qt/6.2.3/msvc2019_64/lib/cmake/Qt6Core/Qt6CoreConfigVersion.cmake",
		"D:/Qt/6.2.3/msvc2019_64/lib/cmake/Qt6Core/Qt6CoreConfigVersionImpl.cmake",
		"D:/Qt/6.2.3/msvc2019_64/lib/cmake/Qt6Core/Qt6CoreConfig.cmake",
		"D:/Qt/Tools/CMake_64/share/cmake-3.21/Modules/CMakeFindDependencyMacro.cmake",
		"D:/Qt/6.2.3/msvc2019_64/lib/cmake/Qt6Core/Qt6CoreDependencies.cmake",
		"D:/Qt/6.2.3/msvc2019_64/lib/cmake/Qt6/Qt6ConfigVersion.cmake",
		"D:/Qt/6.2.3/msvc2019_64/lib/cmake/Qt6/Qt6ConfigVersionImpl.cmake",
		"D:/Qt/6.2.3/msvc2019_64/lib/cmake/Qt6/Qt6Config.cmake",
		"D:/Qt/6.2.3/msvc2019_64/lib/cmake/Qt6/Qt6ConfigExtras.cmake",
		"D:/Qt/6.2.3/msvc2019_64/lib/cmake/Qt6/QtPublicCMakeVersionHelpers.cmake",
		"D:/Qt/6.2.3/msvc2019_64/lib/cmake/Qt6/Qt6Targets.cmake",
		"D:/Qt/6.2.3/msvc2019_64/lib/cmake/Qt6/Qt6VersionlessTargets.cmake",
		"D:/Qt/6.2.3/msvc2019_64/lib/cmake/Qt6/QtFeature.cmake",
		"D:/Qt/6.2.3/msvc2019_64/lib/cmake/Qt6/QtFeatureCommon.cmake",
		"D:/Qt/Tools/CMake_64/share/cmake-3.21/Modules/CheckCXXCompilerFlag.cmake",
		"D:/Qt/6.2.3/msvc2019_64/lib/cmake/Qt6/QtPublicFinalizerHelpers.cmake",
		"D:/Qt/6.2.3/msvc2019_64/lib/cmake/Qt6/QtPublicPluginHelpers.cmake",
		"D:/Qt/6.2.3/msvc2019_64/lib/cmake/Qt6/QtPublicTargetHelpers.cmake",
		"D:/Qt/6.2.3/msvc2019_64/lib/cmake/Qt6/QtPublicWalkLibsHelpers.cmake",
		"D:/Qt/6.2.3/msvc2019_64/lib/cmake/Qt6/QtPublicFindPackageHelpers.cmake",
		"D:/Qt/6.2.3/msvc2019_64/lib/cmake/Qt6/QtPublicDependencyHelpers.cmake",
		"D:/Qt/Tools/CMake_64/share/cmake-3.21/Modules/CMakeFindDependencyMacro.cmake",
		"D:/Qt/6.2.3/msvc2019_64/lib/cmake/Qt6/Qt6Dependencies.cmake",
		"D:/Qt/Tools/CMake_64/share/cmake-3.21/Modules/FindThreads.cmake",
		"D:/Qt/Tools/CMake_64/share/cmake-3.21/Modules/CheckLibraryExists.cmake",
		"D:/Qt/Tools/CMake_64/share/cmake-3.21/Modules/CheckIncludeFileCXX.cmake",
		"D:/Qt/Tools/CMake_64/share/cmake-3.21/Modules/CheckCXXSourceCompiles.cmake",
		"D:/Qt/Tools/CMake_64/share/cmake-3.21/Modules/FindPackageHandleStandardArgs.cmake",
		"D:/Qt/Tools/CMake_64/share/cmake-3.21/Modules/FindPackageMessage.cmake",
		"D:/Qt/6.2.3/msvc2019_64/lib/cmake/Qt6/FindWrapAtomic.cmake",
		"D:/Qt/Tools/CMake_64/share/cmake-3.21/Modules/CheckCXXSourceCompiles.cmake",
		"D:/Qt/Tools/CMake_64/share/cmake-3.21/Modules/FindPackageHandleStandardArgs.cmake",
		"D:/Qt/Tools/CMake_64/share/cmake-3.21/Modules/FindPackageMessage.cmake",
		"D:/Qt/6.2.3/msvc2019_64/lib/cmake/Qt6CoreTools/Qt6CoreToolsConfigVersion.cmake",
		"D:/Qt/6.2.3/msvc2019_64/lib/cmake/Qt6CoreTools/Qt6CoreToolsConfigVersionImpl.cmake",
		"D:/Qt/6.2.3/msvc2019_64/lib/cmake/Qt6CoreTools/Qt6CoreToolsConfig.cmake",
		"D:/Qt/Tools/CMake_64/share/cmake-3.21/Modules/CMakeFindDependencyMacro.cmake",
		"D:/Qt/6.2.3/msvc2019_64/lib/cmake/Qt6CoreTools/Qt6CoreToolsDependencies.cmake",
		"D:/Qt/6.2.3/msvc2019_64/lib/cmake/Qt6CoreTools/Qt6CoreToolsTargets.cmake",
		"D:/Qt/6.2.3/msvc2019_64/lib/cmake/Qt6CoreTools/Qt6CoreToolsAdditionalTargetInfo.cmake",
		"D:/Qt/6.2.3/msvc2019_64/lib/cmake/Qt6CoreTools/Qt6CoreToolsVersionlessTargets.cmake",
		"D:/Qt/6.2.3/msvc2019_64/lib/cmake/Qt6EntryPointPrivate/Qt6EntryPointPrivateConfigVersion.cmake",
		"D:/Qt/6.2.3/msvc2019_64/lib/cmake/Qt6EntryPointPrivate/Qt6EntryPointPrivateConfigVersionImpl.cmake",
		"D:/Qt/6.2.3/msvc2019_64/lib/cmake/Qt6EntryPointPrivate/Qt6EntryPointPrivateConfig.cmake",
		"D:/Qt/Tools/CMake_64/share/cmake-3.21/Modules/CMakeFindDependencyMacro.cmake",
		"D:/Qt/6.2.3/msvc2019_64/lib/cmake/Qt6EntryPointPrivate/Qt6EntryPointPrivateTargets.cmake",
		"D:/Qt/6.2.3/msvc2019_64/lib/cmake/Qt6EntryPointPrivate/Qt6EntryPointPrivateTargets-debug.cmake",
		"D:/Qt/6.2.3/msvc2019_64/lib/cmake/Qt6EntryPointPrivate/Qt6EntryPointPrivateTargets-relwithdebinfo.cmake",
		"D:/Qt/6.2.3/msvc2019_64/lib/cmake/Qt6EntryPointPrivate/Qt6EntryPointPrivateAdditionalTargetInfo.cmake",
		"D:/Qt/6.2.3/msvc2019_64/lib/cmake/Qt6EntryPointPrivate/Qt6EntryPointPrivateVersionlessTargets.cmake",
		"D:/Qt/6.2.3/msvc2019_64/lib/cmake/Qt6Core/Qt6CoreTargets.cmake",
		"D:/Qt/6.2.3/msvc2019_64/lib/cmake/Qt6Core/Qt6CoreTargets-debug.cmake",
		"D:/Qt/6.2.3/msvc2019_64/lib/cmake/Qt6Core/Qt6CoreTargets-relwithdebinfo.cmake",
		"D:/Qt/6.2.3/msvc2019_64/lib/cmake/Qt6Core/Qt6CoreAdditionalTargetInfo.cmake",
		"D:/Qt/6.2.3/msvc2019_64/lib/cmake/Qt6Core/Qt6CoreVersionlessTargets.cmake",
		"D:/Qt/6.2.3/msvc2019_64/lib/cmake/Qt6Core/Qt6CoreMacros.cmake",
		"D:/Qt/Tools/CMake_64/share/cmake-3.21/Modules/CMakeParseArguments.cmake",
		"D:/Qt/6.2.3/msvc2019_64/lib/cmake/Qt6Core/Qt6CoreConfigExtras.cmake",
		"D:/Qt/6.2.3/msvc2019_64/lib/cmake/Qt6Gui/Qt6GuiConfigVersion.cmake",
		"D:/Qt/6.2.3/msvc2019_64/lib/cmake/Qt6Gui/Qt6GuiConfigVersionImpl.cmake",
		"D:/Qt/6.2.3/msvc2019_64/lib/cmake/Qt6Gui/Qt6GuiConfig.cmake",
		"D:/Qt/Tools/CMake_64/share/cmake-3.21/Modules/CMakeFindDependencyMacro.cmake",
		"D:/Qt/6.2.3/msvc2019_64/lib/cmake/Qt6Gui/Qt6GuiDependencies.cmake",
		"D:/Qt/6.2.3/msvc2019_64/lib/cmake/Qt6/Qt6ConfigVersion.cmake",
		"D:/Qt/6.2.3/msvc2019_64/lib/cmake/Qt6/Qt6ConfigVersionImpl.cmake",
		"D:/Qt/6.2.3/msvc2019_64/lib/cmake/Qt6/Qt6Config.cmake",
		"D:/Qt/6.2.3/msvc2019_64/lib/cmake/Qt6/Qt6ConfigExtras.cmake",
		"D:/Qt/6.2.3/msvc2019_64/lib/cmake/Qt6/QtPublicCMakeVersionHelpers.cmake",
		"D:/Qt/6.2.3/msvc2019_64/lib/cmake/Qt6/Qt6Targets.cmake",
		"D:/Qt/6.2.3/msvc2019_64/lib/cmake/Qt6/Qt6VersionlessTargets.cmake",
		"D:/Qt/6.2.3/msvc2019_64/lib/cmake/Qt6/QtFeature.cmake",
		"D:/Qt/6.2.3/msvc2019_64/lib/cmake/Qt6/QtFeatureCommon.cmake",
		"D:/Qt/Tools/CMake_64/share/cmake-3.21/Modules/CheckCXXCompilerFlag.cmake",
		"D:/Qt/6.2.3/msvc2019_64/lib/cmake/Qt6/QtPublicFinalizerHelpers.cmake",
		"D:/Qt/6.2.3/msvc2019_64/lib/cmake/Qt6/QtPublicPluginHelpers.cmake",
		"D:/Qt/6.2.3/msvc2019_64/lib/cmake/Qt6/QtPublicTargetHelpers.cmake",
		"D:/Qt/6.2.3/msvc2019_64/lib/cmake/Qt6/QtPublicWalkLibsHelpers.cmake",
		"D:/Qt/6.2.3/msvc2019_64/lib/cmake/Qt6/QtPublicFindPackageHelpers.cmake",
		"D:/Qt/6.2.3/msvc2019_64/lib/cmake/Qt6/QtPublicDependencyHelpers.cmake",
		"D:/Qt/Tools/CMake_64/share/cmake-3.21/Modules/CMakeFindDependencyMacro.cmake",
		"D:/Qt/6.2.3/msvc2019_64/lib/cmake/Qt6/Qt6Dependencies.cmake",
		"D:/Qt/Tools/CMake_64/share/cmake-3.21/Modules/FindThreads.cmake",
		"D:/Qt/Tools/CMake_64/share/cmake-3.21/Modules/CheckLibraryExists.cmake",
		"D:/Qt/Tools/CMake_64/share/cmake-3.21/Modules/CheckIncludeFileCXX.cmake",
		"D:/Qt/Tools/CMake_64/share/cmake-3.21/Modules/CheckCXXSourceCompiles.cmake",
		"D:/Qt/Tools/CMake_64/share/cmake-3.21/Modules/FindPackageHandleStandardArgs.cmake",
		"D:/Qt/Tools/CMake_64/share/cmake-3.21/Modules/FindPackageMessage.cmake",
		"D:/Qt/6.2.3/msvc2019_64/lib/cmake/Qt6/FindWrapVulkanHeaders.cmake",
		"D:/Qt/Tools/CMake_64/share/cmake-3.21/Modules/FindVulkan.cmake",
		"D:/Qt/Tools/CMake_64/share/cmake-3.21/Modules/FindPackageHandleStandardArgs.cmake",
		"D:/Qt/Tools/CMake_64/share/cmake-3.21/Modules/FindPackageMessage.cmake",
		"D:/Qt/Tools/CMake_64/share/cmake-3.21/Modules/FindPackageHandleStandardArgs.cmake",
		"D:/Qt/Tools/CMake_64/share/cmake-3.21/Modules/FindPackageMessage.cmake",
		"D:/Qt/6.2.3/msvc2019_64/lib/cmake/Qt6GuiTools/Qt6GuiToolsConfigVersion.cmake",
		"D:/Qt/6.2.3/msvc2019_64/lib/cmake/Qt6GuiTools/Qt6GuiToolsConfigVersionImpl.cmake",
		"D:/Qt/6.2.3/msvc2019_64/lib/cmake/Qt6GuiTools/Qt6GuiToolsConfig.cmake",
		"D:/Qt/Tools/CMake_64/share/cmake-3.21/Modules/CMakeFindDependencyMacro.cmake",
		"D:/Qt/6.2.3/msvc2019_64/lib/cmake/Qt6GuiTools/Qt6GuiToolsDependencies.cmake",
		"D:/Qt/6.2.3/msvc2019_64/lib/cmake/Qt6GuiTools/Qt6GuiToolsTargets.cmake",
		"D:/Qt/6.2.3/msvc2019_64/lib/cmake/Qt6GuiTools/Qt6GuiToolsAdditionalTargetInfo.cmake",
		"D:/Qt/6.2.3/msvc2019_64/lib/cmake/Qt6GuiTools/Qt6GuiToolsVersionlessTargets.cmake",
		"D:/Qt/6.2.3/msvc2019_64/lib/cmake/Qt6Gui/Qt6GuiTargets.cmake",
		"D:/Qt/6.2.3/msvc2019_64/lib/cmake/Qt6Gui/Qt6GuiTargets-debug.cmake",
		"D:/Qt/6.2.3/msvc2019_64/lib/cmake/Qt6Gui/Qt6GuiTargets-relwithdebinfo.cmake",
		"D:/Qt/6.2.3/msvc2019_64/lib/cmake/Qt6Gui/Qt6GuiAdditionalTargetInfo.cmake",
		"D:/Qt/6.2.3/msvc2019_64/lib/cmake/Qt6Gui/Qt6GuiVersionlessTargets.cmake",
		"D:/Qt/6.2.3/msvc2019_64/lib/cmake/Qt6Widgets/Qt6WidgetsTargets.cmake",
		"D:/Qt/6.2.3/msvc2019_64/lib/cmake/Qt6Widgets/Qt6WidgetsTargets-debug.cmake",
		"D:/Qt/6.2.3/msvc2019_64/lib/cmake/Qt6Widgets/Qt6WidgetsTargets-relwithdebinfo.cmake",
		"D:/Qt/6.2.3/msvc2019_64/lib/cmake/Qt6Widgets/Qt6WidgetsAdditionalTargetInfo.cmake",
		"D:/Qt/6.2.3/msvc2019_64/lib/cmake/Qt6Widgets/Qt6WidgetsVersionlessTargets.cmake",
		"D:/Qt/6.2.3/msvc2019_64/lib/cmake/Qt6Widgets/Qt6WidgetsMacros.cmake",
		"D:/Qt/Tools/CMake_64/share/cmake-3.21/Modules/CMakeParseArguments.cmake"
	],
	"CMAKE_SOURCE_DIR" : "D:/Qt6Book/SamplesV5_CMake/Chap11_Plugin/samp11_3StaticLib/MyStaticLib",
	"DEP_FILE" : "D:/Qt6Book/SamplesV5_CMake/Chap11_Plugin/samp11_3StaticLib/build-MyStaticLib-Desktop_Qt_6_2_3_MSVC2019_64bit-Release/MyStaticLib_autogen/deps",
	"DEP_FILE_RULE_NAME" : "MyStaticLib_autogen/timestamp",
	"HEADERS" : 
	[
		[
			"D:/Qt6Book/SamplesV5_CMake/Chap11_Plugin/samp11_3StaticLib/MyStaticLib/tpendialog.h",
			"MU",
			"EWIEGA46WW/moc_tpendialog.cpp",
			null
		]
	],
	"HEADER_EXTENSIONS" : [ "h", "hh", "h++", "hm", "hpp", "hxx", "in", "txx" ],
	"INCLUDE_DIR" : "D:/Qt6Book/SamplesV5_CMake/Chap11_Plugin/samp11_3StaticLib/build-MyStaticLib-Desktop_Qt_6_2_3_MSVC2019_64bit-Release/MyStaticLib_autogen/include",
	"MOC_COMPILATION_FILE" : "D:/Qt6Book/SamplesV5_CMake/Chap11_Plugin/samp11_3StaticLib/build-MyStaticLib-Desktop_Qt_6_2_3_MSVC2019_64bit-Release/MyStaticLib_autogen/mocs_compilation.cpp",
	"MOC_DEFINITIONS" : 
	[
		"MYSTATICLIB_LIBRARY",
		"QT_CORE_LIB",
		"QT_GUI_LIB",
		"QT_NO_DEBUG",
		"QT_WIDGETS_LIB",
		"UNICODE",
		"WIN32",
		"WIN64",
		"_ENABLE_EXTENDED_ALIGNED_STORAGE",
		"_UNICODE",
		"_WIN64"
	],
	"MOC_DEPEND_FILTERS" : 
	[
		[
			"Q_PLUGIN_METADATA",
			"[\n][ \t]*Q_PLUGIN_METADATA[ \t]*\\([^\\)]*FILE[ \t]*\"([^\"]+)\""
		]
	],
	"MOC_INCLUDES" : 
	[
		"D:/Qt6Book/SamplesV5_CMake/Chap11_Plugin/samp11_3StaticLib/build-MyStaticLib-Desktop_Qt_6_2_3_MSVC2019_64bit-Release",
		"D:/Qt6Book/SamplesV5_CMake/Chap11_Plugin/samp11_3StaticLib/MyStaticLib",
		"D:/Qt/6.2.3/msvc2019_64/include/QtWidgets",
		"D:/Qt/6.2.3/msvc2019_64/include",
		"D:/Qt/6.2.3/msvc2019_64/include/QtCore",
		"D:/Qt/6.2.3/msvc2019_64/mkspecs/win32-msvc",
		"D:/Qt/6.2.3/msvc2019_64/include/QtGui"
	],
	"MOC_MACRO_NAMES" : [ "Q_OBJECT", "Q_GADGET", "Q_NAMESPACE", "Q_NAMESPACE_EXPORT" ],
	"MOC_OPTIONS" : [],
	"MOC_PATH_PREFIX" : false,
	"MOC_PREDEFS_CMD" : [],
	"MOC_PREDEFS_FILE" : "",
	"MOC_RELAXED_MODE" : false,
	"MOC_SKIP" : [],
	"MULTI_CONFIG" : false,
	"PARALLEL" : 8,
	"PARSE_CACHE_FILE" : "D:/Qt6Book/SamplesV5_CMake/Chap11_Plugin/samp11_3StaticLib/build-MyStaticLib-Desktop_Qt_6_2_3_MSVC2019_64bit-Release/CMakeFiles/MyStaticLib_autogen.dir/ParseCache.txt",
	"QT_MOC_EXECUTABLE" : "D:/Qt/6.2.3/msvc2019_64/./bin/moc.exe",
	"QT_UIC_EXECUTABLE" : "D:/Qt/6.2.3/msvc2019_64/./bin/uic.exe",
	"QT_VERSION_MAJOR" : 6,
	"QT_VERSION_MINOR" : 2,
	"SETTINGS_FILE" : "D:/Qt6Book/SamplesV5_CMake/Chap11_Plugin/samp11_3StaticLib/build-MyStaticLib-Desktop_Qt_6_2_3_MSVC2019_64bit-Release/CMakeFiles/MyStaticLib_autogen.dir/AutogenUsed.txt",
	"SOURCES" : 
	[
		[
			"D:/Qt6Book/SamplesV5_CMake/Chap11_Plugin/samp11_3StaticLib/MyStaticLib/tpendialog.cpp",
			"MU",
			null
		]
	],
	"UIC_OPTIONS" : [],
	"UIC_SEARCH_PATHS" : [],
	"UIC_SKIP" : [],
	"UIC_UI_FILES" : [],
	"VERBOSITY" : 0
}
